#SENDER_ID	RECIPIENT_ID	DATE_FROM	DATE_TO	MS_ID	PLACE_ID	MS_REF
48	96	0	0	Plumpton_K1	0	Kirby no.1
49	19	18262	18262	Plumpton_K2	0	Kirby no.2
28	96	0	0	Plumpton_K3	0	Kirby no.3
3	96	0	0	Plumpton_K4	0	Kirby no.4
87	96	0	0	Plumpton_K5	0	Kirby no.5
3	96	0	0	Plumpton_K6	0	Kirby no.6
3	96	0	0	Plumpton_K4	0	Kirby no.4
3	96	23010	23010	Plumpton_K8	0	Kirby no.8
22	96	0	0	Plumpton_K9	0	Kirby no.9
22	96	0	0	Plumpton_K10	0	Kirby no.10
3	96	0	0	Plumpton_K11	0	Kirby no.11
29	96	0	0	Plumpton_K12	0	Kirby no.12
62	96	0	0	Plumpton_K13	0	Kirby no.13
106	96	24425	24425	Plumpton_K14	0	Kirby no.14
39	96	23741	23741	Plumpton_K15	0	Kirby no.15
22	96	0	0	Plumpton_K16	0	Kirby no.16
100	96	0	0	Plumpton_K17	0	Kirby no.17
22	96	0	0	Plumpton_K18	0	Kirby no.18
42	82	0	0	Plumpton_K19	0	Kirby no.19
37	96	0	0	Plumpton_K20	0	Kirby no.20
11	96	0	0	Plumpton_K21	0	Kirby no.21
64	96	0	0	Plumpton_K22	0	Kirby no.22
11	96	0	0	Plumpton_K23	0	Kirby no.23
11	96	0	0	Plumpton_K24	0	Kirby no.24
76	96	0	0	Plumpton_K26	0	Kirby no.26
22	96	0	0	Plumpton_K27	0	Kirby no.27
22	96	0	0	Plumpton_K28	0	Kirby no.28
22	96	0	0	Plumpton_K29	0	Kirby no.29
11	94	0	0	Plumpton_K30	0	Kirby no.30
98	96	0	0	Plumpton_K31	0	Kirby no.31
11	75	0	0	Plumpton_K32	0	Kirby no.32
11	75	0	0	Plumpton_K33	0	Kirby no.33
115	7	29771	29771	Plumpton_K34	0	Kirby no.34
11	91	0	0	Plumpton_K35	0	Kirby no.35
11	91	0	0	Plumpton_K36	0	Kirby no.36
53	91	0	0	Plumpton_K37	0	Kirby no.37
14	91	0	0	Plumpton_K38	0	Kirby no.38
14	91	0	0	Plumpton_K39	0	Kirby no.39
23	91	0	0	Plumpton_K40	0	Kirby no.40
23	91	0	0	Plumpton_K41	0	Kirby no.41
99	91	0	0	Plumpton_K42	0	Kirby no.42
99	91	0	0	Plumpton_K43	0	Kirby no.43
14	91	0	0	Plumpton_K44	0	Kirby no.44
54	91	0	0	Plumpton_K45	0	Kirby no.45
99	91	0	0	Plumpton_K46	0	Kirby no.46
11	95	0	0	Plumpton_K47	0	Kirby no.47
70	91	31411	31411	Plumpton_K48	0	Kirby no.48
2	32	29219	29219	Plumpton_K49	0	Kirby no.49
122	91	0	0	Plumpton_K50	0	Kirby no.50
61	91	0	0	Plumpton_K51	0	Kirby no.51
11	91	0	0	Plumpton_K52	0	Kirby no.52
11	91	0	0	Plumpton_K53	0	Kirby no.53
11	91	0	0	Plumpton_K54	0	Kirby no.54
15	91	0	0	Plumpton_K55	0	Kirby no.55
89	91	31776	31776	Plumpton_K56	0	Kirby no.56
11	91	0	0	Plumpton_K57	0	Kirby no.57
113	91	0	0	Plumpton_K58	0	Kirby no.58
109	91	0	0	Plumpton_K59	0	Kirby no.59
4	91	0	0	Plumpton_K60	0	Kirby no.60
4	91	0	0	Plumpton_K61	0	Kirby no.61
112	91	29219	29219	Plumpton_K62	0	Kirby no.62
11	91	0	0	Plumpton_K63	0	Kirby no.63
11	91	0	0	Plumpton_K64	0	Kirby no.64
97	91	0	0	Plumpton_K66	0	Kirby no.66
11	91	0	0	Plumpton_K67	0	Kirby no.67
14	91	0	0	Plumpton_K68	0	Kirby no.68
67	91	32223	32223	Plumpton_K69	0	Kirby no.69
89	91	32507	32507	Plumpton_K70	0	Kirby no.70
40	91	0	0	Plumpton_K71	0	Kirby no.71
120	91	30680	30680	Plumpton_K72	0	Kirby no.72
11	91	0	0	Plumpton_K73	0	Kirby no.73
11	91	0	0	Plumpton_K74	0	Kirby no.74
110	91	0	0	Plumpton_K75	0	Kirby no.75
34	91	0	0	Plumpton_K76	0	Kirby no.76
67	91	0	0	Plumpton_K77	0	Kirby no.77
93	91	29585	29585	Plumpton_K78	0	Kirby no.78
28	91	0	0	Plumpton_K79	0	Kirby no.79
14	91	0	0	Plumpton_K80	0	Kirby no.80
14	7	32507	32507	Plumpton_K81	0	Kirby no.81
14	91	0	0	Plumpton_K82	0	Kirby no.82
102	91	0	0	Plumpton_K83	0	Kirby no.83
14	91	0	0	Plumpton_K84	0	Kirby no.84
14	91	0	0	Plumpton_K86	0	Kirby no.86
14	91	33033	33033	Plumpton_K87	0	Kirby no.87
14	91	33050	33050	Plumpton_K88	0	Kirby no.88
86	91	33098	33098	Plumpton_K89	0	Kirby no.89
14	91	0	0	Plumpton_K92	0	Kirby no.92
14	91	0	0	Plumpton_K93	0	Kirby no.93
9	91	0	0	Plumpton_K94	0	Kirby no.94
117	91	32872	32872	Plumpton_K95	0	Kirby no.95
98	91	0	0	Plumpton_K96	0	Kirby no.96
57	91	0	0	Plumpton_K97	0	Kirby no.97
78	91	0	0	Plumpton_K98	0	Kirby no.98
45	91	0	0	Plumpton_K99	0	Kirby no.99
103	91	0	0	Plumpton_K100	0	Kirby no.100
124	91	0	0	Plumpton_K101	0	Kirby no.101
47	91	0	0	Plumpton_K102	0	Kirby no.102
79	91	0	0	Plumpton_K103	0	Kirby no.103
68	91	0	0	Plumpton_K104	0	Kirby no.104
104	91	0	0	Plumpton_K105	0	Kirby no.105
68	91	0	0	Plumpton_K106	0	Kirby no.106
28	91	0	0	Plumpton_K107	0	Kirby no.107
20	91	0	0	Plumpton_K108	0	Kirby no.108
9	91	0	0	Plumpton_K109	0	Kirby no.109
111	91	34333	34333	Plumpton_K110	0	Kirby no.110
60	91	33968	33968	Plumpton_K111	0	Kirby no.111
14	91	0	0	Plumpton_K112	0	Kirby no.112
14	91	34711	34711	Plumpton_K113	0	Kirby no.113
12	91	34732	34732	Plumpton_K114	0	Kirby no.114
14	91	0	0	Plumpton_K116	0	Kirby no.116
81	91	0	0	Plumpton_K117	0	Kirby no.117
83	91	0	0	Plumpton_K118	0	Kirby no.118
88	94	0	0	Plumpton_K120	0	Kirby no.120
14	91	0	0	Plumpton_K121	0	Kirby no.121
14	91	0	0	Plumpton_K122	0	Kirby no.122
14	91	0	0	Plumpton_K123	0	Kirby no.123
14	91	0	0	Plumpton_K124	0	Kirby no.124
43	63	35816	35816	Plumpton_K126	0	Kirby no.126
43	91	35822	35822	Plumpton_K127	0	Kirby no.127
105	91	35828	35828	Plumpton_K128	0	Kirby no.128
114	91	35794	35794	Plumpton_K129	0	Kirby no.129
114	91	35794	35794	Plumpton_K130	0	Kirby no.130
46	91	36237	36237	Plumpton_K131	0	Kirby no.131
11	91	0	0	Plumpton_K132	0	Kirby no.132
11	91	0	0	Plumpton_K133	0	Kirby no.133
16	91	0	0	Plumpton_K134	0	Kirby no.134
44	91	0	0	Plumpton_K135	0	Kirby no.135
11	91	0	0	Plumpton_K136	0	Kirby no.136
72	91	36415	36415	Plumpton_K137	0	Kirby no.137
21	91	36159	36159	Plumpton_K138	0	Kirby no.138
67	91	36446	36446	Plumpton_K139	0	Kirby no.139
11	91	0	0	Plumpton_K140	0	Kirby no.140
41	91	0	0	Plumpton_K141	0	Kirby no.141
43	91	0	0	Plumpton_K142	0	Kirby no.142
67	91	0	0	Plumpton_K143	0	Kirby no.143
17	91	36524	36524	Plumpton_K144	0	Kirby no.144
71	91	0	0	Plumpton_K145	0	Kirby no.145
17	91	36524	36524	Plumpton_K146	0	Kirby no.146
65	91	36524	36524	Plumpton_K147	0	Kirby no.147
38	91	0	0	Plumpton_K148	0	Kirby no.148
94	91	0	0	Plumpton_K149	0	Kirby no.149
75	91	36524	36524	Plumpton_K150	0	Kirby no.150
26	91	36524	36524	Plumpton_K151	0	Kirby no.151
43	91	37026	37026	Plumpton_K152	0	Kirby no.152
43	91	37039	37039	Plumpton_K153	0	Kirby no.153
75	91	36889	36889	Plumpton_K154	0	Kirby no.154
121	91	36889	36889	Plumpton_K155	0	Kirby no.155
67	91	37059	37059	Plumpton_K156	0	Kirby no.156
63	91	37066	37066	Plumpton_K157	0	Kirby no.157
67	91	36889	36889	Plumpton_K158	0	Kirby no.158
8	91	0	0	Plumpton_K159	0	Kirby no.159
94	91	0	0	Plumpton_K160	0	Kirby no.160
94	91	0	0	Plumpton_K161	0	Kirby no.161
91	7	37505	37505	Plumpton_K162	0	Kirby no.162
84	91	37559	37559	Plumpton_K163	0	Kirby no.163
114	91	37254	37254	Plumpton_K164	0	Kirby no.164
21	91	0	0	Plumpton_K167	0	Kirby no.167
7	91	0	0	Plumpton_K168	0	Kirby no.168
107	119	0	0	Plumpton_K169	0	Kirby no.169
7	91	0	0	Plumpton_K170	0	Kirby no.170
7	91	37608	37608	Plumpton_K171	0	Kirby no.171
75	91	0	0	Plumpton_K173	0	Kirby no.173
107	119	0	0	Plumpton_K174	0	Kirby no.174
119	91	37333	37333	Plumpton_K176	0	Kirby no.176
17	91	37254	37254	Plumpton_K177	0	Kirby no.177
73	91	0	0	Plumpton_K178	0	Kirby no.178
21	91	37619	37619	Plumpton_K179	0	Kirby no.179
21	91	37619	37619	Plumpton_K180	0	Kirby no.180
108	91	37619	37619	Plumpton_K181	0	Kirby no.181
75	91	37619	37619	Plumpton_K182	0	Kirby no.182
11	91	0	0	Plumpton_K183	0	Kirby no.183
123	91	0	0	Plumpton_K184	0	Kirby no.184
7	91	0	0	Plumpton_K186	0	Kirby no.186
118	7	37992	37992	Plumpton_K187	0	Kirby no.187
7	91	0	0	Plumpton_K188	0	Kirby no.188
7	91	38100	38100	Plumpton_K190	0	Kirby no.190
55	91	37984	37984	Plumpton_K191	0	Kirby no.191
36	7	0	0	Plumpton_K192	0	Kirby no.192
8	91	0	0	Plumpton_K193	0	Kirby no.193
21	91	37984	37984	Plumpton_K194	0	Kirby no.194
21	91	38298	38298	Plumpton_K195	0	Kirby no.195
25	91	37984	37984	Plumpton_K196	0	Kirby no.196
66	91	0	0	Plumpton_K198	0	Kirby no.198
30	91	38715	38715	Plumpton_K199	0	Kirby no.199
50	30	38715	38715	Plumpton_K200	0	Kirby no.200
10	91	38715	38715	Plumpton_K201	0	Kirby no.201
66	91	0	0	Plumpton_K202	0	Kirby no.202
66	91	0	0	Plumpton_K203	0	Kirby no.203
59	91	37254	37254	Plumpton_K204	0	Kirby no.204
33	91	0	0	Plumpton_K207	0	Kirby no.207
24	91	40176	40176	Plumpton_K208	0	Kirby no.208
85	94	0	0	Plumpton_K210	0	Kirby no.210
85	94	0	0	Plumpton_K211	0	Kirby no.211
21	91	42156	42156	Plumpton_K212	0	Kirby no.212
21	91	0	0	Plumpton_K213	0	Kirby no.213
94	91	0	0	Plumpton_K214	0	Kirby no.214
31	91	274297	274297	Plumpton_K216	0	Kirby no.216
114	30	43463	43463	Plumpton_K217	0	Kirby no.217
119	91	0	0	Plumpton_K218	0	Kirby no.218
101	119	0	0	Plumpton_K220	0	Kirby no.220
5	119	0	0	Plumpton_K221	0	Kirby no.221
52	119	0	0	Plumpton_K222	0	Kirby no.222
27	119	0	0	Plumpton_K223	0	Kirby no.223
11	119	0	0	Plumpton_K224	0	Kirby no.224
90	119	48531	48531	Plumpton_K228	0	Kirby no.228
75	30	0	0	Plumpton_K229	0	Kirby no.229
75	30	49307	49307	Plumpton_K230	0	Kirby no.230
35	119	0	0	Plumpton_K231	0	Kirby no.231
119	75	0	0	Plumpton_K232	0	Kirby no.232
13	119	0	0	Plumpton_K233	0	Kirby no.233
18	74	0	0	Plumpton_K234	0	Kirby no.234
35	30	0	0	Plumpton_K235	0	Kirby no.235
35	119	0	0	Plumpton_K236	0	Kirby no.236
35	119	0	0	Plumpton_K237	0	Kirby no.237
35	119	52313	52313	Plumpton_K238	0	Kirby no.238
6	119	0	0	Plumpton_K239	0	Kirby no.239
80	119	52594	52594	Plumpton_K240	0	Kirby no.240
80	119	0	0	Plumpton_K241	0	Kirby no.241
80	119	0	0	Plumpton_K242	0	Kirby no.242
80	119	0	0	Plumpton_K243	0	Kirby no.243
80	119	0	0	Plumpton_K244	0	Kirby no.244
77	119	0	0	Plumpton_K245	0	Kirby no.245
58	119	0	0	Plumpton_K246	0	Kirby no.246
116	119	53690	53690	Plumpton_K247	0	Kirby no.247
125	30	0	0	Plumpton_K248	0	Kirby no.248
125	30	54421	54421	Plumpton_K249	0	Kirby no.249
69	30	0	0	Plumpton_K250	0	Kirby no.250
56	30	0	0	Plumpton_K251	0	Kirby no.251
1	30	55151	55151	Plumpton_K252	0	Kirby no.252
51	92	0	0	Plumpton_K1	0	Kirby no.1
